10,6.8,1746608809
4,8.5,1746608814
1,7.8,1746608819
7,2.4,1746608824
8,1.2,1746608829
5,2.2,1746608834
5,6.6,1746608839
2,1.5,1746608844
10,3.0,1746608849
6,8.8,1746608854
1,4.6,1746608859
9,3.3,1746608864
9,5.9,1746608869
7,6.8,1746608874
3,8.6,1746608879
8,6.0,1746608884
10,2.9,1746608889
3,5.3,1746608894
10,2.3,1746608899
7,2.1,1746608904
4,2.6,1746608909
1,6.1,1746608914
9,8.5,1746608919
1,9.5,1746608924
2,8.0,1746608929
4,6.4,1746608934
8,1.3,1746608939
3,1.4,1746608944
5,9.6,1746608949
1,3.1,1746608954
9,2.1,1746608959
10,2.5,1746608964
6,7.6,1746608969
4,3.0,1746608974
9,9.9,1746608979
7,5.3,1746608984
1,2.8,1746608989
2,1.3,1746608994
9,9.4,1746608999
10,8.8,1746609004
7,7.1,1746609009
1,4.9,1746609014
6,6.2,1746609019
4,8.8,1746609024
9,5.9,1746609029
6,4.9,1746609034
2,3.5,1746609039
2,1.5,1746609044
9,2.9,1746609049
9,8.7,1746609054
4,3.8,1746609059
3,2.2,1746609064
3,2.7,1746609069
10,7.4,1746609074
8,8.8,1746609079
10,1.2,1746609084
9,2.7,1746609089
7,1.3,1746609094
2,8.2,1746609099
746,9.7,1746609658
212,5.6,1746609663
349,7.6,1746609668
307,5.3,1746609673
925,6.1,1746609678
597,5.8,1746609683
779,9.3,1746609688
758,3.3,1746609693
196,8.3,1746609698
661,8.0,1746609703
984,6.2,1746609708
660,6.8,1746609713
909,4.0,1746609718
673,4.2,1746609723
76,3.7,1746609728
447,7.4,1746609733
902,5.9,1746609738
612,6.8,1746609743
693,3.8,1746609748
822,9.0,1746609753
875,5.6,1746609758
870,6.4,1746609763
788,5.9,1746609768
120,8.4,1746609773
188,7.5,1746609778
815,3.3,1746609783
337,6.2,1746609788
788,10.0,1746609793
40,5.1,1746609798
765,8.6,1746609803
863,5.9,1746609808
379,4.5,1746609813
934,5.2,1746609818
241,3.5,1746609823
550,6.6,1746609828
810,5.8,1746609833
468,6.3,1746609838
120,5.7,1746609843
680,4.7,1746609848
168,9.2,1746609853
549,3.4,1746609858
702,7.8,1746609863
459,7.9,1746609868
163,9.1,1746609873
769,5.8,1746609878
992,6.2,1746609883
958,3.1,1746609888
367,4.3,1746609893
564,9.1,1746609898
946,3.5,1746609903
870,5.6,1746609908
937,8.7,1746609913
393,7.7,1746609918
647,4.7,1746609923
453,3.5,1746609928
989,6.0,1746610273
459,7.3,1746610278
177,7.6,1746610283
228,6.2,1746610288
398,3.7,1746610293
5,6.9,1746590494
484,3.2,1746610298
108,8.4,1746610303
14,3.4,1746610308
364,3.9,1746610313
95,3.9,1746610318
992,7.6,1746610323
700,3.7,1746610328
165,8.6,1746610333
505,6.4,1746610338
856,4.6,1746610343
909,5.7,1746610348
13,9.8,1746590551
575,7.4,1746610353
562,7.6,1746610358
514,6.6,1746610363
916,4.0,1746610368
420,7.0,1746610373
503,9.4,1746610378
823,8.9,1746610383
497,8.7,1746610388
925,7.1,1746610393
79,6.5,1746590596
1,3.7,1746610398
399,4.2,1746610403
785,7.7,1746610408
628,7.3,1746610413
372,4.8,1747212108
850,4.3,1747212113
431,7.3,1747212118
663,7.4,1747212123
399,5.5,1747212128
961,5.9,1747212133
343,8.1,1747212138
148,6.5,1747212143
803,9.2,1747212148
696,3.9,1747212153
972,9.4,1747212165
402,5.1,1747212168
950,5.8,1747212170
744,8.1,1747212172
228,4.4,1747212174
459,5.5,1747212176
938,7.8,1747212178
787,3.0,1747212180
975,8.1,1747212182
285,9.3,1747212184
750,6.7,1747212186
219,4.6,1747212188
306,3.4,1747212190
584,9.9,1747212192
902,4.0,1747212194
536,8.4,1747212196
475,5.0,1747212198
291,3.4,1747212200
439,9.7,1747212202
613,5.6,1747212204
4,9.6,1747212206
677,3.1,1747212208
845,6.5,1747212210
839,8.2,1747212212
389,3.4,1747212214
996,6.8,1747212216
716,8.0,1747212218
891,9.8,1747212220
151,9.2,1747212222
1,9.4,1747192422
857,7.0,1747212224
641,6.0,1747212226
502,6.5,1747212228
860,5.0,1747212230
461,9.1,1747212232
970,4.2,1747212234
364,4.8,1747212236
657,4.8,1747212238
884,9.3,1747212240
766,7.2,1747212242
392,3.4,1747212244
35,9.5,1747212246
196,4.4,1747212248
179,5.0,1747212250
951,6.2,1747212252
472,3.3,1747212254
911,8.6,1747212256
411,5.5,1747212258
633,6.9,1747212260
726,8.2,1747212262
944,4.7,1747212264
599,6.1,1747212266
8,7.2,1747212268
830,3.3,1747212270
728,7.8,1747212272
442,9.6,1747212274
483,3.1,1747212276
12,6.0,1747212278
588,3.8,1747212280
954,6.4,1747212282
982,9.8,1747212284
687,5.6,1747212286
474,6.7,1747212288
837,4.9,1747212290
283,9.3,1747212292
982,6.2,1747212294
58,6.3,1747212296
367,5.7,1747212298
694,4.0,1747212300
153,6.4,1747212302
128,6.9,1747212304
881,8.3,1747212306
592,5.6,1747212308
158,3.2,1747212310
411,8.8,1747212312
530,3.9,1747212314
347,3.2,1747212316
268,9.4,1747212318
72,3.0,1747212320
494,4.0,1747212322
324,8.0,1747212324
894,8.1,1747212326
848,7.4,1747212328
584,4.5,1747212330
37,5.2,1747212332
272,6.6,1747212334
282,4.1,1747212336
460,6.9,1747212338
750,9.2,1747212340
586,9.0,1747212342
630,7.9,1747212344
639,9.7,1747212346
688,3.8,1747212348
620,7.7,1747212350
466,7.0,1747212352
386,7.5,1747212354
904,7.5,1747212356
854,4.6,1747212358
229,5.5,1747212360
873,9.1,1747212362
862,3.4,1747212364
119,5.2,1747212366
838,8.4,1747212368
126,4.8,1747212370
780,3.5,1747212372
188,4.0,1747212374
909,6.8,1747212376
65,7.0,1747212378
853,5.1,1747212380
904,3.6,1747212382
181,10.0,1747212384
356,9.2,1747212386
738,9.2,1747212388
830,3.3,1747212390
94,6.1,1747212392
447,3.3,1747212394
69,7.7,1747212396
482,7.5,1747212398
384,9.1,1747212400
148,7.7,1747212402
635,6.5,1747212404
28,9.1,1747212406
799,8.0,1747212408
47,5.1,1747212410
294,6.1,1747212412
497,6.5,1747212414
862,4.3,1747212416
950,3.2,1747212418
668,3.1,1747212420
968,8.0,1747212422
277,5.3,1747212424
739,4.8,1747212426
301,7.7,1747212428
940,3.4,1747212430
551,10.0,1747212432
481,5.6,1747212434
196,6.0,1747212436
449,8.5,1747212438
738,5.6,1747212440
603,9.4,1747212442
857,5.6,1747212444
33,4.3,1747212446
824,6.7,1747212448
179,3.1,1747212450
957,4.9,1747212452
4,4.2,1747212454
711,5.8,1747212456
270,5.9,1747212458
371,8.2,1747212460
288,7.3,1747212462
893,3.2,1747212464
484,8.1,1747212466
598,8.0,1747212468
342,3.7,1747212470
711,6.3,1747212472
646,5.3,1747212474
379,7.1,1747212476
292,4.3,1747212478
418,8.8,1747212480
591,9.1,1747212482
883,3.5,1747212484
104,4.8,1747212486
456,9.6,1747212488
871,4.7,1747212490
659,6.0,1747212492
956,5.7,1747212494
426,3.3,1747212496
307,6.3,1747212498
693,10.0,1747212500
511,8.3,1747212502
651,8.4,1747212504
315,3.7,1747212506
414,7.5,1747212508
257,8.6,1747212510
535,7.5,1747212512
234,8.4,1747212514
336,4.1,1747212516
743,6.5,1747212518
284,4.3,1747212520
660,5.5,1747212522
678,4.6,1747212524
35,4.3,1747212526
515,9.2,1747212528
684,6.4,1747212530
730,5.3,1747212532
614,7.6,1747212534
241,7.3,1747212536
403,8.2,1747212538
120,8.5,1747212540
197,5.8,1747212542
748,9.1,1747212544
358,9.6,1747212546
153,6.4,1747212548
264,9.3,1747212550
190,5.3,1747212552
27,4.2,1747212554
300,6.1,1747212556
724,9.4,1747212558
580,4.5,1747212560
224,8.1,1747212562
318,6.9,1747212564
426,8.3,1747212566
351,6.9,1747212568
824,8.3,1747212570
735,4.3,1747212572
18,5.2,1747212574
380,6.6,1747212576
147,4.6,1747212578
69,3.1,1747212580
398,9.2,1747212582
622,5.7,1747212584
512,5.8,1747212586
2,9.3,1747212588
780,4.2,1747212590
220,6.8,1747212592
605,6.6,1747212594
616,9.0,1747212596
505,9.4,1747212598
41,9.5,1747212600
581,4.0,1747212602
28,6.4,1747212604
845,8.7,1747212606
642,6.2,1747212608
280,7.6,1747212610
694,6.0,1747212612
655,5.9,1747212614
187,8.5,1747212616
291,7.8,1747212618
98,3.2,1747212620
869,9.2,1747212622
366,7.4,1747212624
430,8.9,1747212626
653,4.6,1747212628
771,3.8,1747212630
779,6.2,1747212632
144,8.4,1747212634
904,7.2,1747212636
402,9.1,1747212638
858,4.4,1747212640
981,9.7,1747212642
776,5.2,1747212644
614,7.5,1747212646
564,5.6,1747212648
977,4.6,1747212650
288,7.5,1747212652
942,5.7,1747212654
285,7.6,1747212656
803,4.4,1747212658
962,8.9,1747212660
573,6.2,1747212662
609,7.7,1747212664
238,4.4,1747212666
152,7.7,1747212668
948,7.7,1747212670
485,5.2,1747212672
359,4.7,1747212674
587,9.6,1747212676
726,6.0,1747212678
824,5.5,1747212680
662,9.8,1747212682
302,7.1,1747212684
446,10.0,1747212686
58,6.6,1747212688
444,6.4,1747212690
632,6.6,1747212692
321,9.3,1747212694
3,7.7,1747212696
229,4.7,1747212698
966,3.1,1747212700
930,7.0,1747212702
949,5.1,1747212704
378,9.9,1747212706
954,9.9,1747212708
314,9.5,1747212710
350,8.8,1747212712
639,3.8,1747212714
233,9.5,1747212716
75,3.3,1747212718
42,8.2,1747212720
814,4.9,1747212722
57,5.9,1747212724
537,10.0,1747212726
999,5.1,1747212728
309,7.5,1747212730
758,9.3,1747212733
125,5.4,1747212735
579,6.9,1747212737
507,3.2,1747212739
523,5.5,1747212741
744,6.9,1747212743
62,8.4,1747212745
395,9.1,1747212747
97,3.9,1747212749
248,4.6,1747212751
821,3.6,1747212753
365,4.7,1747212755
143,4.6,1747212757
347,7.5,1747212759
41,8.8,1747212761
281,8.0,1747212763
782,8.6,1747212765
440,6.3,1747212767
272,7.4,1747212769
996,3.0,1747212836
81,5.6,1747212838
29,6.5,1747212840
174,5.1,1747212842
778,8.9,1747212844
11,4.4,1747212846
809,6.4,1747212848
586,7.3,1747212850
227,3.4,1747212852
827,4.1,1747212854
83,9.9,1747212856
214,9.7,1747212858
11,9.5,1747212860
201,3.1,1747212862
697,7.3,1747212864
954,5.3,1747212866
648,8.6,1747212868
127,4.3,1747212870
708,6.4,1747212872
29,7.3,1747212874
932,5.8,1747212876
6,3.0,1747212878
720,5.1,1747212880
195,4.3,1747212882
925,7.3,1747212884
957,5.0,1747212886
761,7.2,1747212888
381,8.5,1747212890
491,6.8,1747212892
841,4.8,1747212894
999,5.0,1747212896
450,9.1,1747212898
366,9.1,1747212900
753,7.1,1747212902
199,5.0,1747212904
919,4.6,1747212906
938,7.9,1747212908
51,3.2,1747212910
90,7.0,1747212912
658,6.3,1747212914
722,5.8,1747212916
151,5.2,1747212918
383,3.3,1747212920
483,3.7,1747212922
278,4.5,1747212924
610,9.1,1747212926
885,4.2,1747212928
104,3.5,1747212930
658,9.3,1747212932
263,6.1,1747212934
803,3.9,1747212936
166,5.8,1747212938
534,7.3,1747212940
160,3.8,1747212942
216,4.7,1747212944
253,3.7,1747212946
195,8.4,1747212948
756,6.7,1747212950
509,6.5,1747212952
513,5.6,1747212954
645,7.2,1747212956
952,6.9,1747212958
743,6.9,1747212960
211,6.0,1747212962
988,3.3,1747212964
618,3.4,1747212966
898,7.0,1747212968
228,4.0,1747212970
879,7.3,1747212972
656,4.9,1747212974
717,4.4,1747212976
148,8.9,1747212978
44,9.4,1747212980
458,6.8,1747212982
825,5.8,1747212984
191,7.1,1747212986
271,8.0,1747212988
320,5.2,1747212990
434,7.8,1747212992
693,5.8,1747212994
864,3.1,1747212996
226,3.6,1747212998
730,5.1,1747213000
199,5.2,1747213002
27,8.2,1747213004
250,9.3,1747213006
807,6.5,1747213008
908,9.6,1747213010
727,5.1,1747213012
116,3.1,1747213014
166,9.8,1747213016
830,3.9,1747213018
183,3.3,1747213020
504,3.9,1747213022
838,9.1,1747213024
426,5.4,1747213026
616,6.7,1747213028
620,6.1,1747213031
309,5.2,1747213033
176,5.1,1747213035
496,6.8,1747213037
584,7.6,1747213039
322,8.6,1747213041
31,7.9,1747193241
748,4.4,1747213043
720,9.6,1747213045
773,3.4,1747213047
349,9.2,1747213049
377,6.5,1747213051
27,6.4,1747213053
870,3.1,1747213055
975,6.8,1747213057
764,9.1,1747213059
397,9.4,1747213061
419,9.4,1747213063
533,6.1,1747213065
889,5.9,1747213067
633,3.9,1747213069
942,3.7,1747213071
747,9.8,1747213073
880,9.5,1747213075
771,5.4,1747213077
248,9.6,1747213079
615,8.9,1747213081
266,5.4,1747213083
192,7.8,1747213085
572,9.2,1747213087
599,8.3,1747213089
13,7.5,1747213091
784,6.5,1747213093
309,7.8,1747213095
981,6.3,1747213097
689,9.8,1747213099
785,7.3,1747213101
459,8.2,1747213103
633,6.1,1747213105
397,8.4,1747213107
8,7.5,1747213109
855,8.6,1747213111
939,8.5,1747213113
760,5.9,1747213115
738,3.6,1747213117
397,9.3,1747213119
704,5.9,1747213121
808,5.5,1747213123
581,3.8,1747213125
397,6.9,1747213127
969,9.9,1747213129
972,8.7,1747213131
844,7.1,1747213133
166,4.7,1747213135
591,4.0,1747213137
824,5.5,1747213139
220,6.3,1747213141
578,9.7,1747213143
783,6.5,1747213145
633,7.2,1747213147
562,8.2,1747213149
44,7.5,1747213151
891,9.1,1747213153
854,5.8,1747213155
97,6.4,1747213157
961,9.1,1747213159
690,6.2,1747213161
141,9.0,1747213163
385,4.9,1747213165
476,3.5,1747213167
168,6.6,1747213169
837,3.3,1747213171
820,6.0,1747213173
497,5.6,1747213175
72,8.0,1747213177
622,4.1,1747213179
418,9.3,1747213181
549,4.3,1747213183
468,9.0,1747213185
764,6.2,1747213187
883,3.9,1747213189
483,5.2,1747213191
581,8.7,1747213193
90,4.9,1747213195
256,8.9,1747213197
387,5.7,1747214626
405,7.5,1747214628
491,6.9,1747214630
567,7.8,1747214632
763,7.0,1747214634
276,8.8,1747214636
563,9.8,1747214638
698,6.4,1747214640
45,5.1,1747214642
809,9.2,1747214644
466,10.0,1747214646
437,9.5,1747214648
973,7.2,1747214650
701,4.6,1747214652
219,6.0,1747214654
404,6.7,1747214656
923,5.5,1747214658
464,3.1,1747214660
392,8.4,1747214662
750,7.9,1747214664
172,7.5,1747214666
801,9.1,1747214668
958,6.6,1747214670
353,8.3,1747214672
107,3.6,1747214674
3,8.2,1747194875
409,7.9,1747214676
756,5.9,1747214678
859,6.1,1747214680
618,4.6,1747214682
801,6.8,1747214684
709,6.5,1747214686
299,5.5,1747214688
123,7.0,1747214690
616,7.5,1747214692
574,7.0,1747214694
761,4.4,1747214696
666,5.4,1747214698
646,8.9,1747214700
218,7.8,1747214702
401,8.3,1747214704
458,5.1,1747214706
957,7.8,1747214708
960,6.0,1747214710
149,6.6,1747214712
337,5.7,1747214714
74,7.8,1747214716
545,9.3,1747214718
944,7.2,1747214720
792,8.9,1747214722
139,4.1,1747214724
490,5.8,1747214726
544,6.0,1747214728
767,8.7,1747214730
713,5.8,1747214732
601,9.7,1747214734
815,8.1,1747214736
975,8.2,1747214738
714,7.0,1747214740
457,7.4,1747214742
951,4.0,1747214744
115,8.7,1747214746
939,7.9,1747214748
7,5.6,1747214750
653,9.9,1747214752
210,4.7,1747214754
506,4.8,1747214756
66,9.2,1747214758
793,9.3,1747214760
843,7.4,1747214762
205,7.6,1747214764
84,9.7,1747214766
297,4.5,1747214768
5,5.8,1747214770
270,9.0,1747214772
797,8.4,1747817116
554,5.7,1747817118
292,6.4,1747817120
261,3.0,1747817122
27,8.7,1747817124
907,7.4,1747817126
832,7.3,1747817128
104,8.4,1747817130
403,4.6,1747817132
554,8.4,1747817134
660,4.5,1747817136
558,4.8,1747817138
155,6.1,1747817140
38,3.2,1747817142
706,6.7,1747817144
725,5.9,1747817146
824,7.5,1747817148
27,6.5,1747817150
624,9.9,1747817152
393,9.5,1747817154
742,9.7,1747817156
606,4.0,1747817158
648,6.0,1747817160
551,6.3,1747817162
154,7.8,1747817165
548,8.5,1747817167
502,6.1,1747817169
552,4.9,1747817171
992,6.6,1747817173
280,5.5,1747817175
1,9.2,1747797375
303,9.4,1747817177
394,7.0,1747817179
417,7.4,1747817181
469,5.3,1747817183
851,8.0,1747817185
745,7.2,1747817187
202,4.6,1747817189
255,7.6,1747817191
917,8.6,1747817193
275,5.8,1747817195
433,7.2,1747817197
799,8.9,1747817199
228,4.1,1747817201
422,8.5,1747817203
767,8.3,1747817205
176,4.1,1747817207
354,4.4,1747817209
606,5.0,1747817211
798,5.3,1747817213
787,5.4,1747817215
283,6.1,1747817217
884,5.2,1747817219
856,4.5,1747817221
184,6.7,1747817223
820,9.3,1747817225
666,9.3,1747817227
861,9.1,1747817229
411,6.4,1747817231
395,8.6,1747817233
204,9.8,1747817235
117,5.8,1747817237
115,3.4,1747817239
619,7.5,1747817241
896,9.8,1747817243
762,8.8,1747817245
46,5.6,1747817247
79,5.0,1747817249
220,3.9,1747817251
48,9.9,1747817253
206,5.4,1747817255
966,6.3,1747817257
311,3.8,1747817259
515,3.8,1747817261
941,3.3,1747817263
152,9.3,1747817265
375,3.5,1747817267
40,3.5,1747817269
116,7.1,1747817271
760,4.4,1747817273
593,5.5,1747817275
315,4.2,1747817277
95,6.7,1747817279
336,6.7,1747817281
994,8.9,1747817283
202,9.6,1747817285
56,7.7,1747817287
965,4.8,1747817289
737,5.1,1747817291
552,5.5,1747817293
736,9.7,1747817295
19,5.9,1747817297
424,8.9,1747817299
687,10.0,1747817301
945,8.6,1747817303
274,7.3,1747817305
670,3.6,1747817307
161,7.5,1747817309
709,4.3,1747817311
54,4.2,1747817313
995,4.8,1747817315
112,7.9,1747817317
416,4.2,1747817319
308,4.0,1747817321
849,7.5,1747817323
473,5.8,1747817325
934,3.8,1747817327
716,4.3,1747817329
880,7.1,1747817331
291,9.2,1747817333
290,4.3,1747817335
378,6.0,1747817337
338,9.9,1747817339
62,7.1,1747817341
655,3.6,1747817343
828,7.2,1747817345
335,3.3,1747817347
277,8.1,1747817349
692,6.4,1747817351
538,3.3,1747817353
712,5.8,1747817355
948,5.2,1747817357
999,8.2,1747817359
796,5.0,1747817361
807,3.9,1747817363
779,4.7,1747817365
448,3.9,1747817367
914,5.0,1747817369
509,8.7,1747817371
874,6.3,1747817373
742,5.9,1747817375
995,5.5,1747817377
845,6.5,1747817379
784,3.7,1747817381
783,9.1,1747817383
125,9.6,1747817385
26,7.9,1747817387
33,5.6,1747817389
5,3.9,1747817391
612,9.6,1747817393
897,4.7,1747817395
283,8.7,1747817397
879,6.8,1747817399
411,7.0,1747817401
525,3.4,1747817403
876,4.0,1747817405
488,3.9,1747817407
465,5.9,1747817409
27,7.6,1747817411
455,8.2,1747817413
947,9.9,1747817415
530,6.9,1747817417
564,4.3,1747817419
775,5.1,1747817421
554,10.0,1747817423
344,9.4,1747817425
560,7.6,1747817427
809,5.5,1747817429
946,5.4,1747817431
577,6.8,1747817433
841,8.5,1747817435
272,6.6,1747817437
262,9.8,1747817439
51,8.1,1747817441
94,5.6,1747817443
799,5.2,1747817445
518,3.2,1747817447
80,5.8,1747817449
611,8.1,1747817451
236,3.0,1747817453
54,5.4,1747817455
523,3.7,1747817457
867,6.5,1747817459
233,9.8,1747817461
724,9.4,1747817463
418,9.3,1747817465
494,7.5,1747817467
787,5.7,1747817469
239,8.7,1747817471
827,5.4,1747817473
696,4.9,1747817475
669,8.6,1747817477
381,7.1,1747817479
814,9.7,1747817481
382,7.2,1747817483
911,3.1,1747817485
714,5.8,1747817487
746,3.4,1747817489
711,9.4,1747817491
932,3.0,1747817493
188,5.5,1747817495
616,5.8,1747817497
97,8.5,1747817499
311,7.9,1747817501
729,7.6,1747817503
606,8.5,1747817505
567,7.8,1747817507
657,8.5,1747817509
187,3.9,1747817511
615,3.6,1747817513
806,9.5,1747817515
336,6.8,1747817517
811,5.4,1747817519
507,8.7,1747817521
24,3.5,1747817523
638,3.7,1747817525
873,9.2,1747817527
273,7.3,1747817529
714,5.7,1747817531
715,8.7,1747817533
772,9.7,1747817535
600,8.1,1747817537
993,7.1,1747817539
48,3.5,1747817541
204,5.1,1747817543
396,4.0,1747817545
229,5.8,1747817547
353,3.9,1747817549
604,5.4,1747817551
119,5.0,1747817553
357,5.7,1747817555
103,4.3,1747817557
172,3.7,1747817559
466,6.3,1747817561
196,3.0,1747817563
392,9.6,1747817565
996,3.3,1747817567
990,4.2,1747817569
866,6.3,1747817571
869,4.3,1747817573
535,5.3,1747817575
968,5.9,1747817577
853,5.5,1747817579
85,5.1,1747817581
605,9.3,1747817583
775,8.1,1747817585
712,3.8,1747817587
942,5.7,1747817589
365,7.4,1747817591
498,7.3,1747817593
579,3.6,1747817595
161,5.0,1747817597
985,6.6,1747817599
11,6.8,1747817601
932,9.2,1747817603
664,9.7,1747817605
749,6.9,1747817607
161,7.9,1747817917
620,3.5,1747817919
724,6.2,1747817921
97,5.1,1747817923
863,8.8,1747817925
527,6.6,1747817927
493,4.5,1747817929
601,3.7,1747817931
6,6.5,1747817933
969,7.1,1747817935
700,7.0,1747817937
692,8.0,1747817939
116,7.1,1747817941
611,6.7,1747817943
900,5.1,1747817945
841,3.1,1747817947
665,7.9,1747817949
758,3.2,1747817951
620,8.1,1747817953
753,3.6,1747817955
985,6.8,1747817957
503,3.4,1747817959
338,9.2,1747817961
667,4.5,1747817963
737,8.3,1747817965
172,8.0,1747817967
780,6.0,1747817969
751,8.5,1747817971
90,8.5,1747817973
451,6.2,1747817975
488,5.7,1747817977
958,4.3,1747817979
655,4.4,1747817981
819,3.4,1747817983
293,7.9,1747817985
30,6.7,1747817987
963,9.9,1747817989
82,4.1,1747817991
264,7.3,1747817993
788,3.9,1747817995
339,6.6,1747817997
54,7.2,1747817999
966,6.4,1747818001
667,5.9,1747818003
452,3.0,1747818005
790,3.0,1747818007
526,3.4,1747818009
869,3.6,1747818011
972,4.3,1747818013
555,8.8,1747818015
499,6.8,1747818017
18,3.2,1747818019
925,4.1,1747818021
610,7.3,1747818023
731,5.4,1747818025
898,4.8,1747818027
58,9.9,1747818029
676,4.9,1747818031
255,6.8,1747818033
518,6.3,1747818035
953,6.6,1747818037
211,5.6,1747818039
90,8.4,1747818041
406,9.0,1747818043
651,4.0,1747818045
265,5.1,1747818047
859,8.3,1747818049
343,3.9,1747818051
92,8.0,1747818053
96,7.5,1747818055
64,4.4,1747818057
488,7.4,1747818059
613,9.2,1747818061
303,3.4,1747818063
633,7.6,1747818065
225,9.5,1747818067
50,4.9,1747818069
687,7.1,1747818071
295,8.0,1747818073
105,7.9,1747818075
522,4.3,1747818077
63,4.0,1747818079
367,3.8,1747818081
170,5.8,1747818083
137,6.1,1747818085
818,4.3,1747818087
587,5.6,1747818089
714,6.2,1747818091
84,5.9,1747818093
698,4.5,1747818095
493,9.1,1747818097
439,6.9,1747818099
180,4.3,1747818101
664,10.0,1747818103
622,5.4,1747818105
957,6.6,1747818107
758,7.1,1747818109
594,3.6,1747818111
888,3.6,1747818113
225,6.3,1747818115
247,3.6,1747818117
284,5.2,1747818119
91,9.8,1747818121
542,5.1,1747818123
542,9.6,1747818125
356,7.8,1747818127
998,8.8,1747818129
788,4.3,1747818131
559,9.3,1747818133
385,6.5,1747818135
302,6.5,1747818137
339,8.6,1747818139
814,4.5,1747818141
558,5.5,1747818143
125,6.1,1747818145
1,8.1,1747798346
725,7.2,1747818147
649,9.7,1747818149
81,4.3,1747818151
91,6.9,1747818153
674,9.6,1747818155
114,8.6,1747818157
876,7.6,1747818159
422,7.5,1747818161
890,3.9,1747818163
764,7.4,1747818165
281,7.2,1747818167
932,4.5,1747818169
86,8.8,1747818171
690,7.2,1747818173
555,8.3,1747818175
215,6.5,1747818177
488,5.6,1747818179
421,8.2,1747818181
241,4.2,1747818183
196,5.0,1747818185
497,8.5,1747818187
938,7.5,1747818189
234,9.4,1747818191
769,3.3,1747818193
44,5.9,1747818195
289,3.1,1747818197
382,8.3,1747818199
329,3.7,1747818201
590,8.9,1747818203
315,9.8,1747818205
342,8.3,1747818207
105,6.9,1747818209
495,3.6,1747818211
752,5.3,1747818214
781,3.9,1747818216
353,9.6,1747818218
879,6.0,1747818220
348,9.2,1747818222
645,5.6,1747818224
853,5.5,1747818226
769,4.5,1747818228
884,8.2,1747818230
777,4.1,1747818232
651,8.5,1747818234
425,5.8,1747818236
515,4.4,1747818238
518,5.7,1747818240
154,7.6,1747818242
694,6.4,1747818244
596,3.2,1747818246
85,3.6,1747818248
271,9.6,1747818250
672,4.0,1747818252
743,8.3,1747818254
256,6.5,1747818256
15,3.8,1747818258
609,3.7,1747818260
626,6.5,1747818262
156,8.6,1747818264
255,9.0,1747818266
896,7.3,1747818268
308,7.0,1747818270
823,9.5,1747818272
5,5.8,1747818274
46,9.6,1747818276
563,6.4,1747818278
890,7.2,1747818280
437,5.4,1747818282
839,3.2,1747818284
836,8.7,1747818286
680,4.6,1747818288
917,7.9,1747818290
88,4.6,1747818292
902,7.2,1747818294
295,6.9,1747818296
681,6.9,1747818298
121,5.0,1747818300
538,8.2,1747818302
17,7.2,1747818304
447,6.7,1747818306
505,6.5,1747818308
915,4.6,1747818310
241,4.3,1747818312
13,3.6,1747818314
798,9.3,1747818316
791,9.5,1747818318
499,3.2,1747818320
117,7.4,1747818322
950,9.1,1747818324
572,4.9,1747818326
373,6.5,1747818328
535,4.9,1747818330
348,4.3,1747818332
704,7.8,1747818334
697,9.6,1747818336
156,5.1,1747818338
770,8.7,1747818340
187,3.6,1747818342
285,5.4,1747818344
688,3.9,1747818346
152,10.0,1747818348
788,4.0,1747818350
116,9.5,1747818352
299,8.4,1747818354
669,7.4,1747818356
366,3.2,1747818358
563,9.6,1747818360
451,4.7,1747818362
544,9.4,1747818364
30,4.0,1747818366
462,7.7,1747818368
466,9.9,1747818370
538,9.5,1747818372
547,7.7,1747818374
909,5.0,1747818376
519,4.2,1747818378
318,7.3,1747818380
749,4.7,1747818382
510,7.4,1747818384
51,3.2,1747818386
550,9.8,1747818388
455,3.9,1747818390
164,9.0,1747818392
449,8.8,1747818394
324,8.7,1747818396
437,8.6,1747818398
445,7.7,1747818400
915,8.7,1747818402
324,5.9,1747818404
316,7.1,1747818406
107,9.4,1747818408
176,5.8,1747818410
221,8.3,1747818412
732,4.7,1747818414
824,5.4,1747818416
365,7.8,1747818418
363,6.3,1747818420
186,7.6,1747818422
398,3.4,1747818424
440,7.8,1747818426
623,3.5,1747818428
35,3.4,1747818430
578,3.9,1747818432
790,8.3,1747818434
97,7.7,1747818436
165,5.4,1747818438
789,6.8,1747818440
936,3.7,1747818442
950,9.7,1747818444
690,6.4,1747818446
501,6.8,1747818448
951,9.5,1747818450
509,7.5,1747818452
393,7.9,1747818454
692,5.9,1747818456
633,3.1,1747818458
585,7.1,1747818460
856,5.0,1747818462
905,7.2,1747818464
493,7.5,1747818466
133,8.9,1747818468
531,3.4,1747818470
13,5.1,1747818472
330,7.0,1747818474
419,4.0,1747818476
364,4.6,1747818478
720,3.8,1747818480
993,5.8,1747818482
502,8.6,1747818484
684,8.4,1747818486
157,4.4,1747818488
473,9.7,1747818490
315,9.8,1747818492
561,9.3,1747818494
271,3.5,1747818496
623,3.6,1747818498
938,5.0,1747818500
592,3.0,1747818502
185,8.0,1747818504
848,9.2,1747818506
441,9.7,1747818508
817,9.9,1747818510
854,5.0,1747818512
424,3.2,1747818514
642,8.6,1747818516
757,9.5,1747818518
179,5.9,1747818520
473,6.1,1747818522
85,4.6,1747818524
385,8.7,1747818526
278,8.6,1747818528
29,5.1,1747818530
458,5.7,1747818532
925,9.4,1747818534
377,6.0,1747818536
305,7.5,1747818538
733,8.4,1747818540
568,5.1,1747818542
635,7.4,1747818544
474,7.8,1747818546
808,6.2,1747818548
589,6.0,1747818550
822,8.1,1747818552
345,5.7,1747818554
699,7.5,1747818556
149,6.1,1747818558
184,3.8,1747818560
421,5.4,1747818562
657,6.0,1747818564
272,9.4,1747818566
632,4.3,1747818568
236,9.0,1747818570
953,3.6,1747818572
452,6.3,1747818574
101,3.9,1747818576
649,7.4,1747818578
704,9.1,1747818580
957,4.6,1747818582
509,4.2,1747818584
661,7.8,1747818586
397,6.2,1747818588
111,9.6,1747818590
222,7.2,1747818592
769,5.3,1747818594
857,9.8,1747818596
6,8.1,1747818598
561,3.0,1747818600
78,7.2,1747818602
379,7.0,1747818604
555,9.4,1747818606
925,3.4,1747818608
692,4.8,1747818610
607,8.2,1747818612
477,7.4,1747818614
148,8.4,1747818616
668,9.4,1747818618
170,9.5,1747818620
307,3.6,1747818622
667,8.1,1747818624
127,9.9,1747818626
334,3.6,1747818628
766,3.7,1747818630
374,6.2,1747818632
775,9.5,1747818634
267,5.2,1747818636
305,5.7,1747818638
887,8.5,1747818640
105,3.9,1747818642
977,3.8,1747818644
523,3.1,1747818646
56,7.4,1747818648
932,7.9,1747818650
635,8.9,1747818652
201,7.2,1747818654
842,7.3,1747818656
507,9.6,1747818658
427,9.9,1747818660
487,5.3,1747818662
823,9.2,1747818664
76,3.3,1747818666
75,3.6,1747818668
721,4.0,1747818670
955,4.0,1747818672
21,7.4,1747818674
523,4.0,1747818676
464,8.8,1747818678
288,5.0,1747818680
447,5.0,1747818682
162,4.4,1747818684
342,7.5,1747818686
735,3.8,1747818688
261,5.2,1747818690
936,5.3,1747818692
770,7.1,1747818694
799,9.5,1747818696
703,8.2,1747818698
86,5.4,1747818700
910,7.7,1747818702
419,4.7,1747818704
786,4.1,1747818706
259,6.1,1747818708
681,6.6,1747818710
93,8.9,1747818712
605,3.1,1747818714
96,5.2,1747818716
120,7.9,1747818718
828,6.9,1747818720
111,9.0,1747818722
216,8.1,1747818724
230,7.5,1747818726
170,4.8,1747818728
376,9.6,1747818730
114,3.6,1747818732
595,9.9,1747818734
405,5.8,1747818736
43,7.7,1747818738
522,9.9,1747818740
52,9.6,1747818742
232,3.3,1747818744
875,5.2,1747818746
621,6.5,1747818748
11,7.4,1747818750
340,4.3,1747818752
239,10.0,1747818754
115,7.9,1747818756
288,5.0,1747818758
732,9.9,1747818760
963,7.2,1747818762
416,5.0,1747818764
218,9.3,1747818766
253,4.0,1747818768
407,5.7,1747818770
178,5.0,1747818772
985,8.3,1747818774
560,3.4,1747818776
540,6.4,1747818778
369,9.0,1747818780
279,3.2,1747818782
945,6.7,1747818784
341,5.1,1747818786
300,5.4,1747818788
405,4.6,1747818790
49,6.9,1747818792
159,7.9,1747818794
852,5.6,1747818796
895,9.7,1747818798
206,4.8,1747818800
263,6.4,1747818802
886,6.1,1747818804
444,4.2,1747818806
642,9.5,1747818808
597,8.8,1747818810
593,5.6,1747818812
101,7.4,1747818814
786,6.7,1747818816
553,7.0,1747818818
658,8.5,1747818820
546,7.8,1747818822
299,8.1,1747818824
361,8.7,1747818826
46,8.6,1747818828
340,3.8,1747818830
757,3.5,1747818832
339,10.0,1747818834
844,5.8,1747818836
878,3.4,1747818838
702,9.6,1747818840
117,6.4,1747818842
838,7.4,1747818844
144,9.8,1747818846
375,8.1,1747818848
176,5.2,1747818850
128,3.7,1747818852
760,3.6,1747818854
226,7.4,1747818856
405,6.9,1747818859
7,7.3,1747818861
664,3.8,1747818863
922,3.7,1747818865
426,4.8,1747818867
623,9.6,1747818869
343,5.9,1747818871
901,4.5,1747818873
525,5.4,1747818875
989,5.1,1747818877
947,8.0,1747818879
564,3.5,1747818881
28,5.5,1747818883
387,7.3,1747818885
168,8.7,1747818887
210,8.9,1747818889
548,3.6,1747818891
673,7.6,1747818893
200,8.3,1747818895
778,4.8,1747818897
717,10.0,1747818899
729,3.4,1747818901
687,9.4,1747818903
74,3.5,1747818905
616,8.5,1747818907
479,10.0,1747818909
612,7.0,1747818911
239,8.7,1747818913
179,3.2,1747818915
868,3.2,1747818917
612,8.7,1747818919
194,7.5,1747818921
94,6.6,1747818923
136,9.3,1747818925
5,8.1,1747818927
745,4.1,1747818929
852,6.3,1747818931
765,9.3,1747818933
694,4.8,1747818935
856,7.0,1747818937
676,7.6,1747818939
666,4.9,1747818941
443,8.6,1747818943
966,3.5,1747818945
454,5.1,1747818947
368,3.9,1747818949
838,6.3,1747818951
276,3.9,1747818953
206,6.2,1747818955
215,9.4,1747818957
866,4.8,1747818959
584,7.7,1747818961
10,7.2,1747818963
163,9.1,1747818965
444,9.6,1747818967
295,4.8,1747818969
740,9.3,1747818971
861,3.2,1747818973
228,8.1,1747818975
978,6.2,1747818977
394,3.1,1747818979
753,4.3,1747818981
21,6.1,1747818983
872,4.5,1747818985
432,8.8,1747818987
854,8.6,1747818989
894,5.5,1747818991
293,9.6,1747818993
60,4.7,1747818995
637,3.7,1747818997
279,5.2,1747818999
826,6.3,1747819001
449,9.3,1747819003
92,7.9,1747819005
611,9.3,1747819007
121,6.4,1747819009
538,7.0,1747819011
961,9.7,1747819013
605,6.3,1747819015
533,6.3,1747819017
577,9.0,1747819019
696,6.3,1747819021
200,5.8,1747819023
182,7.4,1747819025
955,6.7,1747819027
601,4.4,1747819029
993,9.1,1747819031
238,7.3,1747819033
405,7.1,1747819035
785,3.4,1747819037
354,8.0,1747819039
105,3.3,1747819041
427,8.8,1747819043
949,8.3,1747819045
796,6.3,1747819047
842,6.4,1747819049
906,9.6,1747819051
618,7.6,1747819053
906,7.3,1747819055
4,6.1,1747819057
177,5.8,1747819059
927,3.2,1747819061
732,4.7,1747819063
95,6.5,1747819065
520,7.1,1747819067
751,7.2,1747819069
665,9.4,1747819071
162,5.6,1747819073
876,3.6,1747819075
951,4.8,1747819077
986,9.6,1747819079
33,6.4,1747819081
368,3.2,1747819083
876,5.5,1747819085
408,6.6,1747819087
175,3.8,1747819089
197,9.5,1747819091
310,9.0,1747819093
203,7.3,1747819095
912,6.5,1747819097
451,6.7,1747819099
511,6.9,1747819101
13,4.9,1747819103
160,7.1,1747819105
64,6.9,1747819107
45,9.2,1747819109
646,4.1,1747819111
32,6.7,1747819113
704,3.2,1747819115
922,8.6,1747819117
686,9.1,1747819119
581,4.2,1747819121
218,4.8,1747819123
984,8.3,1747819125
23,5.0,1747819127
314,6.3,1747819129
383,9.3,1747819131
174,9.0,1747819133
180,7.2,1747819135
104,8.3,1747819137
242,4.9,1747819139
636,8.4,1747819141
804,3.3,1747819143
597,4.0,1747819145
720,5.1,1747819147
57,6.5,1747819149
961,4.2,1747819151
744,3.5,1747819153
152,7.9,1747819155
847,7.4,1747819157
223,4.1,1747819159
738,6.5,1747819161
461,7.3,1747819163
321,5.5,1747819165
822,6.0,1747819167
142,9.8,1747819169
121,7.2,1747819171
109,6.1,1747819173
922,9.8,1747819175
841,8.9,1747819177
711,3.6,1747819179
773,4.6,1747819181
152,7.7,1747819183
303,8.0,1747819185
495,6.3,1747819187
175,3.4,1747819189
451,5.0,1747819191
769,4.8,1747819193
930,7.2,1747819195
354,3.8,1747819197
435,9.2,1747819199
756,4.9,1747819201
959,3.1,1747819203
218,8.2,1747819205
432,3.5,1747819207
606,4.0,1747819209
888,4.1,1747819952
920,8.3,1747819954
291,5.4,1747819956
760,5.0,1747819958
743,9.3,1747819960
345,5.8,1747819962
331,4.4,1747819964
632,5.5,1747819966
376,6.2,1747819968
861,5.4,1747819970
878,4.2,1747819972
225,9.2,1747819974
124,8.8,1747819976
985,7.3,1747819978
282,4.2,1747819980
332,7.5,1747819982
95,6.1,1747819984
217,3.4,1747819986
411,6.1,1747819988
731,6.7,1747819990
667,5.3,1747819992
325,6.8,1747819994
406,5.5,1747819996
1001,1.0,1747800196
273,8.8,1747819998
171,7.0,1747820000
427,6.4,1747820002
48,8.1,1747820004
173,6.7,1747820006
666,3.0,1747820008
612,5.3,1747820010
719,7.5,1747820012
497,9.4,1747820014
1001,7.0,1747800215
576,7.8,1747820016
510,9.4,1747820018
91,3.5,1747820020
29,6.6,1747820022
543,4.2,1747820024
509,8.4,1747820026
439,4.0,1747820028
472,9.4,1747820030
222,8.3,1747820032
909,9.8,1747820034
105,4.5,1747820036
147,9.0,1747820038
561,5.8,1747820040
930,5.6,1747820042
455,8.7,1747820044
676,5.8,1747820046
768,6.5,1747820048
61,6.7,1747820050
999,6.0,1747820052
940,7.9,1747820054
188,5.6,1747820056
537,9.8,1747820058
901,9.5,1747820060
656,9.1,1747820062
48,6.0,1747820064
70,9.9,1747820066
435,4.8,1747820068
955,3.2,1747820070
899,8.9,1747820072
188,4.3,1747820074
212,4.8,1747820076
337,8.2,1747820078
736,4.0,1747820080
759,7.6,1747820082
490,3.3,1747820084
232,3.7,1747820086
121,7.8,1747820088
368,4.1,1747820090
842,6.2,1747820092
796,3.4,1747820094
256,7.8,1747820096
828,7.8,1747820098
806,8.1,1747820100
570,9.1,1747820102
570,8.2,1747820104
541,6.1,1747820106
772,9.6,1747820108
628,4.6,1747820110
629,10.0,1747820112
794,8.1,1747820114
915,6.6,1747820116
932,5.2,1747820118
117,4.7,1747820120
447,6.7,1747820122
280,7.2,1747820124
770,8.4,1747820126
357,3.0,1747820128
407,3.2,1747820130
83,8.4,1748421624
557,7.6,1748421626
692,6.1,1748421628
658,3.6,1748421630
730,5.5,1748421632
149,8.7,1748421634
880,6.5,1748421636
309,9.7,1748421638
259,4.9,1748421640
973,9.9,1748421642
939,5.1,1748421644
366,4.9,1748421646
708,6.9,1748421648
721,7.5,1748421650
547,9.6,1748421652
634,7.0,1748421654
203,4.4,1748421656
763,4.6,1748421658
550,4.8,1748421660
391,6.7,1748421662
654,3.3,1748421664
655,6.5,1748421666
671,8.3,1748421668
971,4.8,1748421670
368,3.3,1748421672
970,4.8,1748421674
872,5.3,1748421676
144,3.6,1748421678
856,8.6,1748421680
718,9.5,1748421682
763,3.1,1748421684
281,6.5,1748421686
1002,8.11,1748401887
753,5.6,1748421688
569,4.0,1748421690
841,6.2,1748421692
117,7.0,1748421694
816,4.2,1748421696
341,6.8,1748421698
901,6.3,1748421700
496,6.8,1748421702
631,8.9,1748421704
282,6.6,1748421706
157,7.1,1748421708
662,3.0,1748421710
835,3.8,1748421712
984,6.7,1748421714
10,4.8,1748421716
586,8.7,1748421718
436,9.3,1748421720
524,7.0,1748421722
768,3.4,1748421724
946,7.1,1748421726
395,6.9,1748421728
557,9.2,1748421730
687,9.3,1748421732
198,6.6,1748421734
697,3.3,1748421736
515,7.8,1748421738
160,8.4,1748421740
127,5.0,1748421742
754,4.5,1748421744
501,6.2,1748421746
109,6.4,1748421748
663,3.6,1748421750
543,3.8,1748421752
9,3.9,1748421754
969,4.6,1748421756
5,3.2,1748421758
347,4.4,1748421760
518,9.7,1748421762
380,6.4,1748421764
159,3.4,1748421766
863,3.9,1748421768
172,6.3,1748421770
723,5.3,1748421772
454,7.9,1748421774
258,7.4,1748421776
991,6.6,1748421778
934,4.4,1748421780
900,7.9,1748421783
754,6.1,1748421785
141,9.9,1748421787
422,3.4,1748421789
656,7.1,1748421791
69,8.8,1748421793
182,9.4,1748421795
544,3.9,1748421797
1003,8.47,1748401997
901,3.1,1748421799
561,9.8,1748421801
207,9.5,1748421803
916,7.9,1748421805
87,9.7,1748421807
580,9.0,1748421809
501,6.7,1748421811
734,8.5,1748421813
305,4.9,1748421815
987,8.2,1748421817
823,8.4,1748421819
102,6.9,1748421821
301,8.2,1748421823
445,7.2,1748421825
241,6.9,1748421827
380,8.7,1748421829
322,8.9,1748421831
529,8.6,1748421833
886,8.3,1748421835
479,4.4,1748421837
1,5.1,1748421839
660,4.2,1748421841
690,5.8,1748421843
64,4.1,1748421845
328,4.2,1748421847
130,10.0,1748421849
507,8.2,1748421851
958,3.4,1748421853
584,4.3,1748421855
114,6.2,1748421857
112,4.5,1748421859
336,9.9,1748421861
661,6.2,1748421863
790,5.6,1748421865
524,6.6,1748421867
13,6.0,1748421869
26,3.6,1748421871
490,6.7,1748421873
463,10.0,1748421875
468,5.2,1748421877
700,9.9,1748421879
839,6.1,1748421881
802,7.8,1748421883
808,5.4,1748421885
633,7.9,1748421887
63,6.1,1748421889
834,8.4,1748421891
869,6.4,1748421893
22,5.8,1748421895
219,3.6,1748421897
171,6.3,1748421899
790,8.6,1748421901
654,5.5,1748421903
908,5.5,1748421905
604,9.9,1748421907
670,4.7,1748421909
654,8.3,1748421911
917,9.8,1748421913
278,9.6,1748421915
633,4.6,1748421917
72,3.7,1748421919
380,6.9,1748421921
675,6.2,1748421923
316,5.3,1748421925
493,4.9,1748421927
539,6.6,1748421929
121,5.2,1748421931
533,3.6,1748421933
208,9.4,1748421935
808,8.5,1748421937
216,4.0,1748421939
703,5.9,1748421941
770,7.7,1748421943
78,4.4,1748421945
323,3.5,1748421947
137,3.2,1748421949
731,5.2,1748421951
466,5.6,1748421953
794,4.2,1748421955
399,3.3,1748421957
642,4.1,1748421959
470,8.3,1748421961
901,5.6,1748421963
777,7.2,1748421965
344,3.4,1748421967
167,5.8,1748421969
70,6.9,1748421971
734,6.5,1748421973
224,3.8,1748421975
255,9.9,1748421977
668,6.2,1748421979
737,4.3,1748421981
1004,8.47,1748402182
473,9.4,1748421983
828,5.3,1748421985
657,8.3,1748421987
563,8.0,1748421989
123,4.6,1748421991
230,10.0,1748421993
945,3.6,1748421995
537,5.6,1748421997
895,6.2,1748421999
368,4.2,1748422001
429,9.7,1748422003
185,5.0,1748422005
948,4.1,1748422007
410,5.7,1748422009
509,8.7,1748422011
319,9.6,1748422013
54,7.2,1748422015
418,7.7,1748422017
267,6.6,1748422019
436,7.6,1748422021
841,5.0,1748422023
399,6.9,1748422025
114,8.5,1748422027
667,7.7,1748422029
845,8.7,1748422031
889,6.2,1748422033
995,9.5,1748422035
585,9.8,1748422037
336,3.4,1748422039
239,3.4,1748422041
785,4.5,1748422043
110,9.6,1748422045
119,4.6,1748422047
582,6.9,1748422049
336,5.1,1748422051
162,3.4,1748422053
174,6.7,1748422055
95,8.0,1748422057
141,6.0,1748422059
811,5.9,1748422061
527,7.0,1748422063
499,7.9,1748422065
493,8.0,1748422067
72,9.2,1748422069
258,6.5,1748422071
522,6.3,1748422073
991,5.3,1748422075
520,9.0,1748422077
415,7.1,1748422079
950,3.7,1748422081
878,3.8,1748422083
789,4.7,1748422085
693,3.1,1748422087
258,6.7,1748422089
820,9.5,1748422091
464,8.4,1748422093
13,5.4,1748422095
759,9.9,1748422097
652,8.3,1748422099
914,8.3,1748422101
649,7.6,1748422103
316,9.8,1748422105
325,4.0,1748422107
766,4.5,1748422109
696,5.1,1748422111
693,7.6,1748422113
562,8.7,1748422115
774,9.4,1748422117
304,3.2,1748422119
661,6.8,1748422121
276,4.8,1748422123
693,5.5,1748422125
536,3.4,1748422127
542,9.6,1748422129
503,4.7,1748422131
264,4.2,1748422133
505,4.0,1748422135
510,3.6,1748422137
677,4.1,1748422139
202,5.6,1748422141
98,8.3,1748422143
865,9.3,1748422145
480,4.4,1748422147
745,5.6,1748422149
252,6.1,1748422151
87,6.6,1748422153
977,5.4,1748422155
71,3.8,1748422157
728,9.1,1748422159
591,7.0,1748422161
33,6.8,1748422163
194,4.8,1748422165
289,3.1,1748422167
204,10.0,1748422169
882,5.7,1748422171
429,3.3,1748422173
521,5.1,1748422175
425,4.9,1748422177
171,8.2,1748422179
709,5.7,1748422181
774,6.8,1748422183
890,4.4,1748422185
279,3.7,1748422187
347,7.6,1748422189
955,3.1,1748422191
506,9.2,1748422193
314,3.2,1748422195
670,9.7,1748422197
82,5.3,1748422199
390,9.7,1748422201
47,3.6,1748422203
509,8.8,1748422205
982,5.7,1748422207
496,5.0,1748422209
103,6.3,1748422211
808,4.2,1748422213
858,6.5,1748422215
242,8.5,1748422217
538,5.0,1748422219
169,5.1,1748422221
882,8.3,1748422223
573,8.7,1748422225
815,8.9,1748422227
937,3.3,1748422229
931,7.3,1748422231
259,5.7,1748422233
591,3.1,1748422235
872,6.8,1748422237
647,5.1,1748422239
541,7.2,1748422241
882,7.1,1748422243
892,3.3,1748422245
907,8.8,1748422247
209,3.0,1748422249
539,5.6,1748422251
450,9.6,1748422253
852,6.5,1748422255
386,5.7,1748422257
249,9.7,1748422259
106,4.3,1748422261
394,5.2,1748422263
478,3.4,1748422265
736,8.0,1748422267
556,7.4,1748422269
362,7.4,1748422271
911,9.1,1748422273
716,5.3,1748422275
486,7.8,1748422277
225,4.3,1748422279
362,9.3,1748422281
877,3.1,1748422283
956,5.8,1748422285
108,8.2,1748422287
386,7.9,1748422289
931,5.8,1748422291
313,5.5,1748422293
767,6.6,1748422295
110,6.0,1748422297
536,7.4,1748422299
577,4.1,1748422301
99,6.8,1748422303
525,6.2,1748422305
117,9.9,1748422307
359,6.9,1748422309
809,7.4,1748422311
72,4.8,1748422313
663,8.8,1748422315
892,8.5,1748422317
168,8.0,1748422319
410,8.1,1748422321
426,7.9,1748422323
533,9.6,1748422325
135,9.2,1748422327
15,7.0,1748422329
791,4.6,1748422331
615,8.7,1748422333
495,5.5,1748422335
633,3.9,1748422337
985,8.5,1748422339
874,5.4,1748422341
344,4.6,1748422343
525,9.8,1748422345
357,7.1,1748422347
546,4.9,1748422349
40,9.5,1748422351
82,3.3,1748422353
62,4.7,1748422355
569,3.1,1748422357
484,3.3,1748422359
680,6.0,1748422361
596,3.2,1748422363
795,9.0,1748422365
76,8.1,1748422367
145,5.7,1748422369
355,8.3,1748422371
697,7.8,1748422373
40,4.9,1748422375
243,8.5,1748422377
266,6.7,1748422379
160,4.9,1748422381
642,6.4,1748422383
272,7.7,1748422385
1005,10.0,1748402586
538,7.9,1748422387
158,8.1,1748422389
200,9.0,1748422391
159,6.5,1748422393
195,8.3,1748422395
849,4.7,1748422397
199,6.3,1748422400
811,4.3,1748422402
949,5.4,1748422404
649,7.4,1748422406
863,4.9,1748422408
133,4.7,1748422410
545,4.7,1748422412
811,6.9,1748422414
231,8.4,1748422416
826,9.0,1748422418
122,7.9,1748422420
941,7.6,1748422422
204,8.8,1748422424
949,7.2,1748422426
479,6.4,1748422428
733,3.6,1748422430
845,9.3,1748422432
732,6.3,1748422434
163,7.5,1748422436
39,7.5,1748422438
480,4.0,1748422440
27,7.8,1748422442
102,8.4,1748422444
697,7.0,1748422446
786,8.3,1748422448
681,6.2,1748422450
324,7.2,1748422452
751,4.5,1748422454
536,9.8,1748422456
107,8.8,1748422458
210,3.9,1748422460
865,5.7,1748422462
568,8.3,1748422464
914,9.8,1748422466
282,5.6,1748422468
669,8.4,1748422470
16,4.7,1748422472
270,7.2,1748422474
984,5.1,1748422476
542,9.6,1748422478
403,6.2,1748422480
132,7.9,1748422482
388,5.8,1748422484
312,5.1,1748422486
555,3.4,1748422488
971,9.4,1748422490
417,3.9,1748422492
647,5.8,1748422494
468,8.1,1748422496
121,9.2,1748422498
978,3.6,1748422500
613,6.9,1748422502
53,3.8,1748422504
411,4.3,1748422506
446,9.0,1748422508
561,9.5,1748422510
530,5.0,1748422512
90,4.1,1748422514
24,9.7,1748422516
919,9.1,1748422518
753,9.9,1748422520
203,5.4,1748422522
616,3.9,1748422524
920,4.5,1748422526
775,8.2,1748422528
762,5.9,1748422530
508,9.4,1748422532
1006,8.47,1748402732
570,5.0,1748422534
851,7.5,1748422536
912,4.9,1748422538
157,4.2,1748422540
785,8.9,1748422542
292,8.9,1748422544
390,7.3,1748422546
312,6.9,1748422548
318,9.2,1748422550
626,4.3,1748422552
94,5.6,1748422554
925,9.2,1748422556
859,4.6,1748422558
543,5.3,1748422560
194,5.8,1748422562
935,4.7,1748422564
811,4.6,1748422566
595,3.2,1748422568
458,4.6,1748422570
355,3.9,1748422572
630,9.1,1748422574
391,4.7,1748422576
747,8.6,1748422578
831,5.5,1748422580
785,3.1,1748422582
476,7.7,1748422584
264,4.9,1748422586
567,3.9,1748422588
852,8.7,1748422590
875,4.4,1748422592
149,4.0,1748422594
929,7.7,1748422596
481,7.0,1748422598
372,5.8,1748422600
523,9.3,1748422602
581,7.7,1748422604
33,9.5,1748422606
764,9.0,1748422608
164,4.7,1748422610
190,8.6,1748422612
545,5.6,1748422614
253,6.1,1748422616
878,3.9,1748422618
647,6.1,1748422620
543,4.8,1748422622
850,5.8,1748422624
308,8.2,1748422626
46,5.6,1748422628
191,5.5,1748422630
419,8.7,1748422632
755,8.1,1748422634
562,8.8,1748422636
903,5.9,1748422638
439,7.3,1748422640
210,8.6,1748422642
373,5.8,1748422644
26,7.8,1748422646
971,4.3,1748422648
712,9.1,1748422650
233,8.5,1748422652
177,8.9,1748422654
108,5.5,1748422656
136,8.7,1748422658
715,10.0,1748422660
602,3.1,1748422662
473,5.8,1748422664
321,8.8,1748422666
208,3.1,1748422668
91,5.1,1748422670
419,5.3,1748422672
814,3.4,1748422674
238,9.7,1748422676
615,6.2,1748422678
639,5.2,1748422680
500,6.3,1748422682
199,8.8,1748422684
51,6.1,1748422686
564,7.6,1748422688
762,3.6,1748422690
867,9.0,1748422692
701,9.9,1748422694
798,9.2,1748422696
47,5.8,1748422698
834,9.3,1748422700
542,9.9,1748422702
66,9.5,1748422704
294,8.5,1748422706
701,8.0,1748422708
43,8.5,1748422710
784,5.9,1748422712
755,4.2,1748422714
492,9.7,1748422716
39,8.9,1748422718
669,6.8,1748422720
962,4.1,1748422722
895,9.5,1748422724
529,7.0,1748422726
655,8.3,1748422728
781,7.2,1748422730
478,4.3,1748422732
310,9.7,1748422734
775,8.0,1748422736
293,9.4,1748422738
832,9.1,1748422740
803,8.9,1748422742
846,8.9,1748422744
851,8.0,1748422746
444,7.0,1748422748
20,3.1,1748422750
986,3.3,1748422752
890,7.6,1748422754
764,4.8,1748422756
475,3.3,1748422758
937,3.2,1748422760
910,6.9,1748422762
444,7.6,1748422764
743,3.9,1748422766
722,5.2,1748422768
74,6.4,1748422770
342,6.8,1748422772
191,10.0,1748422774
195,7.2,1748422776
402,5.4,1748422778
223,9.3,1748422780
852,5.6,1748422782
128,5.2,1748422784
87,3.3,1748422786
393,9.1,1748422788
572,3.9,1748422790
609,7.5,1748422792
217,5.3,1748422794
508,7.2,1748422796
18,7.6,1748422798
743,9.8,1748422800
446,9.4,1748422802
571,3.0,1748422804
962,6.5,1748422806
105,7.8,1748422808
557,4.3,1748422810
375,3.7,1748422812
21,3.1,1748422814
789,4.8,1748422816
986,8.2,1748422818
613,4.8,1748422820
935,6.1,1748422822
563,4.3,1748422824
627,9.0,1748422826
263,7.8,1748422828
400,9.6,1748422830
853,4.0,1748422832
472,4.7,1748422834
573,9.7,1748422836
491,7.5,1748422838
813,3.8,1748422840
193,4.1,1748422842
699,9.3,1748422844
739,5.3,1748422846
294,8.1,1748422848
278,7.9,1748422850
325,5.9,1748422852
732,8.9,1748422854
214,7.7,1748422856
522,7.7,1748422858
608,7.5,1748422860
69,6.5,1748422862
51,6.1,1748422864
5,5.0,1748422866
468,6.1,1748422868
966,9.2,1748422870
547,6.9,1748422872
742,7.8,1748422874
910,4.0,1748422876
296,7.9,1748422878
778,6.5,1748422880
963,8.3,1748422882
829,4.6,1748422884
395,5.8,1748422886
447,9.6,1748422888
694,7.5,1748422890
94,7.9,1748422892
740,7.9,1748422894
34,3.4,1748422896
1007,10.0,1748403098
1007,8.72,1748403098
1007,8.8,1748403098
1007,1.0,1748403098
1007,1.0,1748403098
1007,1.0,1748403098
314,8.0,1748422898
165,5.6,1748422900
547,4.9,1748422902
97,6.4,1748422904
601,8.9,1748422906
74,8.2,1748422908
557,9.1,1748422910
620,6.5,1748422912
416,7.4,1748422914
112,3.2,1748422916
284,3.5,1748422918
722,3.2,1748422920
965,6.5,1748422922
450,8.6,1748422924
174,6.7,1748422926
81,8.8,1748422928
865,5.5,1748422930
18,3.4,1748422932
645,4.3,1748422934
988,9.0,1748422936
121,3.1,1748422938
190,5.0,1748422940
279,9.4,1748422942
947,5.5,1748422944
611,3.9,1748422946
20,3.7,1748422948
5,5.1,1748422950
594,3.1,1748422952
583,3.8,1748422954
789,7.4,1748422956
148,4.3,1748422958
866,5.7,1748422960
256,6.5,1748422962
212,8.6,1748422964
446,9.8,1748422966
232,8.2,1748422968
387,9.2,1748422970
928,5.2,1748422972
588,8.4,1748422974
140,7.7,1748422976
179,4.5,1748422978
812,7.2,1748422980
5,7.0,1748422983
280,8.2,1748422985
711,8.9,1748422987
260,8.7,1748422989
347,5.8,1748422991
307,3.2,1748422993
520,8.3,1748422995
673,7.5,1748422997
129,8.9,1748422999
837,7.7,1748423001
666,5.0,1748423003
101,7.5,1748423005
132,5.3,1748423007
554,8.0,1748423009
249,3.8,1748423011
595,4.7,1748423013
606,6.5,1748423015
379,3.3,1748423017
786,7.3,1748423019
625,7.4,1748423021
206,9.2,1748423023
293,5.2,1748423025
512,3.8,1748423027
365,7.7,1748423029
874,4.0,1748423031
480,5.5,1748423033
100,8.5,1748423035
83,7.4,1748423037
465,7.2,1748423039
671,6.9,1748423041
299,3.9,1748423043
127,9.9,1748423045
28,9.8,1748423047
880,5.0,1748423049
489,5.3,1748423051
505,9.0,1748423053
230,9.6,1748423055
384,7.8,1748423057
389,8.0,1748423059
605,8.3,1748423061
480,8.9,1748423063
816,5.1,1748423065
139,4.5,1748423067
619,9.9,1748423069
761,3.9,1748423071
122,6.9,1748423073
245,9.3,1748423075
406,8.1,1748423077
877,9.1,1748423079
184,4.4,1748423081
426,5.7,1748423083
583,6.9,1748423085
629,9.2,1748423087
253,9.6,1748423089
606,6.3,1748423091
88,9.2,1748423093
529,8.5,1748423095
284,7.6,1748423097
115,9.3,1748423099
442,6.6,1748423101
583,8.1,1748423103
758,5.7,1748423105
647,10.0,1748423107
427,6.9,1748423109
699,5.8,1748423111
447,6.5,1748423113
952,9.7,1748423115
964,8.0,1748423117
496,8.1,1748423119
840,7.9,1748423121
772,7.1,1748423123
638,3.0,1748423125
282,6.3,1748423127
317,9.6,1748423129
128,3.2,1748423131
919,5.4,1748423133
862,6.8,1748423135
330,7.1,1748423137
809,9.6,1748423139
164,3.2,1748423141
951,5.8,1748423143
1008,10.0,1748403344
1008,10.0,1748403344
1008,8.08,1748403344
720,3.9,1748423145
908,7.2,1748423147
705,6.4,1748423149
370,7.3,1748423151
126,10.0,1748423153
238,8.3,1748423155
522,8.8,1748423157
831,4.6,1748423159
57,3.3,1748423161
915,9.7,1748423163
207,5.9,1748423165
874,8.2,1748423167
634,8.2,1748423169
703,8.7,1748423171
248,4.5,1748423173
414,6.6,1748423175
32,3.6,1748423177
825,7.6,1748423179
573,5.3,1748423181
895,5.6,1748423183
40,3.0,1748423185
883,3.8,1748423187
120,8.9,1748423189
892,7.7,1748423191
476,3.2,1748423193
685,5.4,1748423195
143,7.2,1748423197
532,8.2,1748423199
405,5.5,1748423201
510,6.4,1748423203
481,6.8,1748423205
681,10.0,1748423207
368,8.3,1748423209
205,9.1,1748423211
134,3.8,1748423213
796,9.9,1748423215
108,8.4,1748423217
241,6.5,1748423219
428,6.3,1748423221
356,5.0,1748423223
93,8.5,1748423225
959,9.9,1748423227
346,7.8,1748423229
956,7.2,1748423231
764,9.6,1748423233
630,7.0,1748423235
28,4.3,1748423237
284,7.3,1748423239
578,3.0,1748423241
173,5.6,1748423243
307,7.3,1748423245
622,3.3,1748423247
963,6.6,1748423249
101,3.6,1748423251
400,9.1,1748423253
47,5.9,1748423255
21,8.4,1748423257
563,7.9,1748423259
108,5.1,1748423261
185,8.4,1748423263
761,6.4,1748423265
338,5.2,1748423267
489,3.9,1748423269
224,7.8,1748423271
156,5.2,1748423273
425,5.1,1748423275
825,5.8,1748423277
934,3.8,1748423279
114,8.5,1748423281
551,3.6,1748423283
816,7.2,1748423285
342,5.5,1748423287
455,6.6,1748423289
906,5.6,1748423291
8,8.1,1748423293
107,5.7,1748423295
270,4.5,1748423297
214,3.3,1748423299
217,3.8,1748423301
141,3.4,1748423303
805,3.3,1748423305
797,9.8,1748423307
948,8.6,1748423309
235,9.9,1748423311
956,5.0,1748423313
199,3.1,1748423315
299,8.4,1748423317
44,8.0,1748423319
360,6.8,1748423321
271,5.8,1748423323
221,7.2,1748423325
648,4.4,1748423327
509,5.1,1748423329
679,8.7,1748423331
939,9.7,1748423333
208,5.4,1748423335
578,9.8,1748423337
17,6.4,1748423339
806,3.6,1748423341
708,9.8,1748423343
111,3.7,1748423345
121,6.9,1748423347
838,3.5,1748423349
302,7.3,1748423351
556,5.9,1748423353
608,8.4,1748423355
900,6.1,1748423357
598,9.8,1748423359
299,9.1,1748423361
648,3.5,1748423363
136,5.2,1748423365
3,6.6,1748423367
835,9.3,1748423369
717,4.6,1748423371
268,7.9,1748423373
393,6.2,1748423375
559,3.1,1748423377
374,6.3,1748423379
664,5.2,1748423381
652,7.1,1748423383
173,8.7,1748423385
856,6.5,1748423387
185,3.6,1748423389
449,9.3,1748423391
22,8.1,1748423393
573,4.8,1748423395
82,5.7,1748423397
522,5.5,1748423399
825,8.7,1748423401
273,8.5,1748423403
904,3.6,1748423405
333,9.6,1748423407
822,9.0,1748423409
774,9.5,1748423411
611,9.0,1748423413
251,6.5,1748423415
192,8.7,1748423417
258,9.8,1748423419
907,7.4,1748423421
799,3.3,1748423423
76,5.6,1748423425
750,6.1,1748423427
595,8.2,1748423429
935,8.9,1748423431
810,9.0,1748423433
816,3.5,1748423435
50,8.6,1748423437
249,5.9,1748423439
593,9.6,1748423441
337,9.1,1748423443
202,5.4,1748423445
785,5.3,1748423447
503,7.7,1748423449
682,9.6,1748423451
946,7.3,1748423453
357,9.7,1748423455
606,4.0,1748423457
923,9.5,1748423459
311,8.4,1748423461
667,3.9,1748423463
250,6.4,1748423465
301,8.5,1748423467
212,5.8,1748423469
370,4.3,1748423471
192,8.2,1748423473
936,9.4,1748423475
800,4.9,1748423477
101,5.4,1748423479
276,7.0,1748423481
462,8.4,1748423483
489,7.5,1748423485
967,9.5,1748423487
285,9.3,1748423489
225,4.2,1748423491
493,8.1,1748423493
198,3.8,1748423495
302,8.6,1748423497
169,4.3,1748423499
684,7.0,1748423501
408,5.1,1748423503
742,5.5,1748423505
540,7.0,1748423507
465,4.1,1748423509
946,3.1,1748423511
204,7.5,1748423513
19,5.0,1748423515
196,8.8,1748423517
382,6.4,1748423519
864,7.3,1748423521
658,5.0,1748423523
780,6.9,1748423525
792,9.0,1748423527
313,8.3,1748423529
361,10.0,1748423531
900,4.1,1748423534
82,9.2,1748423536
835,4.1,1748423538
70,9.1,1748423540
942,6.7,1748423542
24,7.5,1748423544
249,7.7,1748423546
868,9.1,1748423548
410,6.8,1748423550
325,7.0,1748423552
896,3.2,1748423554
854,3.1,1748423556
129,8.8,1748423558
987,8.7,1748423560
19,5.5,1748423562
886,5.5,1748423564
567,8.9,1748423566
866,4.4,1748423568
37,5.4,1748423570
105,3.1,1748423572
664,5.8,1748423574
363,8.0,1748423576
77,5.6,1748423578
588,8.4,1748423580
379,9.4,1748423582
206,4.6,1748423584
201,6.5,1748423586
515,5.4,1748423588
917,9.7,1748423590
586,5.0,1748423592
910,3.0,1748423594
389,5.6,1748423596
674,3.1,1748423598
923,7.4,1748423600
63,5.9,1748423602
249,5.1,1748423604
819,4.4,1748423606
299,6.3,1748423608
943,7.3,1748423610
320,8.6,1748423612
876,9.8,1748423614
393,8.4,1748423616
238,6.0,1748423618
717,5.1,1748423620
59,7.9,1748423622
312,3.4,1748423624
611,5.3,1748423626
316,8.4,1748423628
542,9.6,1748423630
331,7.4,1748423632
574,8.0,1748423634
612,9.5,1748423636
106,3.6,1748423638
48,3.3,1748423640
68,9.6,1748423642
350,6.0,1748423644
81,4.3,1748423646
326,7.6,1748423648
388,9.9,1748423650
220,6.7,1748423652
726,9.4,1748423654
953,7.7,1748423656
605,6.7,1748423658
735,9.3,1748423660
32,3.7,1748423662
713,5.5,1748423664
211,5.7,1748423666
951,9.8,1748423668
864,4.6,1748423670
796,8.3,1748423672
899,9.3,1748423674
144,4.8,1748423676
490,7.7,1748423678
791,5.7,1748423680
46,7.5,1748423682
55,5.0,1748423684
42,9.8,1748423686
305,7.9,1748423688
853,8.5,1748423690
928,8.1,1748423692
954,4.0,1748423694
192,5.8,1748423696
98,6.0,1748423698
781,3.2,1748423700
640,3.5,1748423702
795,7.1,1748423704
625,8.6,1748423706
289,9.7,1749878408
792,3.4,1749878410
966,4.1,1749878412
452,10.0,1749878414
788,7.0,1749878416
786,9.9,1749878418
97,7.4,1749878420
248,5.6,1749878422
31,4.1,1749878424
453,6.0,1749878426
397,3.9,1749878428
163,7.9,1749878430
311,6.1,1749878432
470,3.4,1749878434
218,4.9,1749878436
859,4.4,1749878438
714,3.8,1749878440
800,5.7,1749878442
126,4.2,1749878444
150,10.0,1749878446
689,7.1,1749878448
57,3.1,1749878450
809,4.9,1749878452
200,8.2,1749878454
412,5.3,1749878456
403,7.0,1749878458
342,3.5,1749878460
697,4.0,1749878462
461,9.2,1749878464
70,7.2,1749878466
822,6.2,1749878468
73,8.1,1749878470
965,9.3,1749878472
391,3.1,1749878474
554,4.0,1749878476
484,3.2,1749878478
190,6.4,1749878480
764,4.2,1749878482
369,6.0,1749878484
19,7.1,1749878486
808,8.6,1749878488
526,6.7,1749878490
527,3.4,1749878492
587,5.3,1749878494
102,7.3,1749878496
292,3.1,1749878498
882,6.5,1749878500
673,7.9,1749878502
963,3.9,1749878504
554,6.6,1749878506
219,4.0,1749878508
38,8.7,1749878510
475,4.0,1749878512
17,7.7,1749878514
790,5.4,1749878516
864,4.4,1749878518
755,7.3,1749878520
904,5.8,1749878522
340,6.4,1749878524
594,7.1,1749878526
581,5.6,1749878528
737,9.2,1749878530
76,6.7,1749878532
148,4.5,1749878534
402,8.8,1749878536
278,3.8,1749878538
465,8.2,1749878540
872,7.3,1749878542
570,5.6,1749878544
20,9.1,1749878546
225,9.9,1749878548
10,6.9,1749878550
1009,7.11,1749858750
1009,7.47,1749858750
1009,6.5,1749858750
304,9.2,1749878552
543,8.8,1749878554
552,9.0,1749878556
988,7.8,1749878558
378,6.7,1749878560
283,6.7,1749878562
222,8.8,1749878564
301,5.7,1749878566
316,3.1,1749878568
831,7.1,1749878570
931,5.0,1749878572
983,9.5,1749878574
392,3.8,1749878576
492,6.5,1749878578
256,7.6,1749878580
346,3.5,1749878582
708,3.7,1749878584
489,4.0,1749878586
167,6.5,1749878588
822,7.1,1749878590
277,7.7,1749878592
603,4.2,1749878594
792,6.8,1749878596
139,3.8,1750167100
772,8.0,1750167102
316,5.4,1750167104
937,6.8,1750167106
361,8.5,1750167108
933,5.4,1750167110
194,7.2,1750167112
547,9.9,1750167114
641,9.6,1750167116
726,10.0,1750167118
575,5.7,1750167120
767,3.2,1750167122
622,6.6,1750167124
961,8.1,1750167126
621,8.4,1750167128
844,4.3,1750167130
557,8.5,1750167132
835,8.0,1750167134
415,6.1,1750167136
249,3.5,1750167138
708,9.2,1750167140
962,7.4,1750167142
699,5.5,1750167144
69,5.6,1750167146
243,5.3,1750167148
494,3.1,1750167150
150,8.8,1750167152
248,9.4,1750167154
786,7.9,1750167156
872,7.0,1750167158
176,6.9,1750167160
895,4.9,1750167162
13,8.8,1750167164
793,9.6,1750167166
977,4.4,1750167168
730,5.4,1750167170
402,5.4,1750167172
955,4.3,1750167174
760,9.8,1750167176
95,4.4,1750167178
114,9.4,1750167180
816,3.1,1750167182
314,6.7,1750167184
614,9.3,1750167186
512,5.7,1750167188
171,8.5,1750167190
727,8.2,1750167192
352,3.4,1750167194
617,7.4,1750167196
288,3.3,1750167198
363,7.7,1750167200
1010,2.91,1750147402
1010,8.74,1750147402
1010,5.86,1750147402
248,9.3,1750167202
823,7.8,1750167204
732,5.3,1750167206
923,5.7,1750167208
945,5.6,1750167210
402,5.6,1750167212
462,8.0,1750167214
102,7.8,1750167216
95,4.9,1750167218
343,7.4,1750167220
51,3.0,1750167222
322,7.1,1750167224
13,4.4,1750167226
752,7.6,1750167228
3,7.6,1750167230
288,6.7,1750167232
483,4.6,1750167234
335,8.9,1750167236
735,8.0,1750167238
539,9.4,1750167240
456,3.8,1750167242
465,7.8,1750167244
686,9.3,1750167246
402,4.6,1750167248
975,5.5,1750167250
98,9.4,1750167252
894,6.6,1750167254
134,8.2,1750167256
921,3.6,1750167258
360,3.9,1750167260
687,4.4,1750167262
857,7.0,1750167264
713,4.3,1750167266
245,3.4,1750167268
818,5.4,1750167270
653,8.0,1750167272
80,5.7,1750167274
583,4.5,1750167276
418,9.5,1750167278
926,3.5,1750167280
757,9.1,1750167282
64,7.5,1750167284
877,8.9,1750167286
647,3.2,1750167288
910,4.4,1750167290
651,6.2,1750167292
391,5.9,1750167294
603,9.5,1750167296
740,4.2,1750167298
886,6.5,1750167300
744,8.4,1750167302
208,8.9,1750167304
734,3.9,1750167306
177,5.3,1750167308
313,4.4,1750167310
371,7.4,1750167312
467,7.5,1750167314
705,8.6,1750167316
605,6.6,1750167318
404,6.0,1750167320
801,8.2,1750167322
601,3.0,1750167324
691,3.0,1750167326
38,5.9,1750167328
258,6.4,1750167330
172,4.2,1750167332
361,9.1,1750167334
379,7.5,1750167336
428,9.5,1750167338
314,8.2,1750167340
567,6.9,1750167342
296,4.0,1750167344
132,3.1,1750167346
848,9.4,1750167348
775,4.7,1750167350
5,6.2,1750167352
123,4.7,1750167354
388,6.0,1750167356
787,4.2,1750167358
192,9.5,1750167360
311,7.4,1750167362
748,5.4,1750167364
987,8.5,1750167366
378,8.0,1750167368
813,6.7,1750167370
602,6.2,1750167372
894,5.5,1750167374
958,6.6,1750167376
748,4.3,1750167378
804,6.4,1750167380
944,8.8,1750167382
386,7.5,1750167384
645,6.2,1750167386
218,9.7,1750167388
973,4.7,1750167390
304,5.8,1750167392
256,8.6,1750167394
741,5.4,1750167396
591,9.6,1750167398
885,3.8,1750167400
963,3.5,1750167402
262,9.2,1750167404
168,9.7,1750167406
701,8.5,1750167408
742,9.3,1750167410
164,8.4,1750167412
773,3.3,1750167414
964,4.8,1750167416
779,4.9,1750167418
45,8.4,1750167458
278,8.5,1750167460
280,6.0,1750167462
284,5.5,1750167464
829,3.3,1750167466
471,4.1,1750167468
723,9.6,1750167470
151,4.0,1750167472
407,3.7,1750167474
35,3.9,1750167476
114,8.3,1750167478
226,7.7,1750167480
405,9.5,1750167482
